--------------------------------------------------------
--  File created - Monday-April-29-2019   
--------------------------------------------------------
--------------------------------------------------------
--  DDL for DB Link BBALNK
--------------------------------------------------------

  CREATE DATABASE LINK "BBALNK"
   CONNECT TO "BBA" IDENTIFIED BY VALUES '0548876B18FAB09DF08CC6183D5B9F86FA'
   USING '192.168.43.49:1521/xe';
--------------------------------------------------------
--  DDL for DB Link CSELNK
--------------------------------------------------------

  CREATE DATABASE LINK "CSELNK"
   CONNECT TO "CSE" IDENTIFIED BY VALUES '05082AA783F713D86FB15167D059FF03ED'
   USING '192.168.43.56:1521/xe';
--------------------------------------------------------
--  DDL for DB Link EEELNK
--------------------------------------------------------

  CREATE DATABASE LINK "EEELNK"
   CONNECT TO "EEE" IDENTIFIED BY VALUES '058A82E7745A95661437F472DAEEB14CAF'
   USING 'POWERED-BY-096:1521/xe';
--------------------------------------------------------
--  DDL for DB Link ENGLNK
--------------------------------------------------------

  CREATE DATABASE LINK "ENGLNK"
   CONNECT TO "ENG" IDENTIFIED BY VALUES '0574FE4C8295EE47A77A5F1933F1B82DF9'
   USING '192.168.43.158:1521/xe';
--------------------------------------------------------
--  DDL for Table ASG
--------------------------------------------------------

  CREATE TABLE "EEE"."ASG" 
   (	"ID" VARCHAR2(20 BYTE), 
	"CODE" VARCHAR2(20 BYTE), 
	"MARK" FLOAT(126), 
	"GRADE" FLOAT(126)
   ) SEGMENT CREATION IMMEDIATE 
  PCTFREE 10 PCTUSED 40 INITRANS 1 MAXTRANS 255 NOCOMPRESS LOGGING
  STORAGE(INITIAL 65536 NEXT 1048576 MINEXTENTS 1 MAXEXTENTS 2147483645
  PCTINCREASE 0 FREELISTS 1 FREELIST GROUPS 1 BUFFER_POOL DEFAULT FLASH_CACHE DEFAULT CELL_FLASH_CACHE DEFAULT)
  TABLESPACE "USERS" ;
--------------------------------------------------------
--  DDL for Table COURSE
--------------------------------------------------------

  CREATE TABLE "EEE"."COURSE" 
   (	"CODE" VARCHAR2(20 BYTE), 
	"TITLE" VARCHAR2(255 BYTE), 
	"CREDIT" FLOAT(126)
   ) SEGMENT CREATION IMMEDIATE 
  PCTFREE 10 PCTUSED 40 INITRANS 1 MAXTRANS 255 NOCOMPRESS LOGGING
  STORAGE(INITIAL 65536 NEXT 1048576 MINEXTENTS 1 MAXEXTENTS 2147483645
  PCTINCREASE 0 FREELISTS 1 FREELIST GROUPS 1 BUFFER_POOL DEFAULT FLASH_CACHE DEFAULT CELL_FLASH_CACHE DEFAULT)
  TABLESPACE "USERS" ;
--------------------------------------------------------
--  DDL for Table STUDENT
--------------------------------------------------------

  CREATE TABLE "EEE"."STUDENT" 
   (	"ID" VARCHAR2(20 BYTE), 
	"NAME" VARCHAR2(40 BYTE), 
	"INTAKE" NUMBER(*,0), 
	"SEC" NUMBER(*,0), 
	"DEPT" VARCHAR2(20 BYTE)
   ) SEGMENT CREATION IMMEDIATE 
  PCTFREE 10 PCTUSED 40 INITRANS 1 MAXTRANS 255 NOCOMPRESS LOGGING
  STORAGE(INITIAL 65536 NEXT 1048576 MINEXTENTS 1 MAXEXTENTS 2147483645
  PCTINCREASE 0 FREELISTS 1 FREELIST GROUPS 1 BUFFER_POOL DEFAULT FLASH_CACHE DEFAULT CELL_FLASH_CACHE DEFAULT)
  TABLESPACE "USERS" ;
--------------------------------------------------------
--  DDL for Table TEACHER
--------------------------------------------------------

  CREATE TABLE "EEE"."TEACHER" 
   (	"UNAME" VARCHAR2(20 BYTE), 
	"PASSWORD" VARCHAR2(20 BYTE), 
	"DEPT" VARCHAR2(20 BYTE)
   ) SEGMENT CREATION IMMEDIATE 
  PCTFREE 10 PCTUSED 40 INITRANS 1 MAXTRANS 255 NOCOMPRESS LOGGING
  STORAGE(INITIAL 65536 NEXT 1048576 MINEXTENTS 1 MAXEXTENTS 2147483645
  PCTINCREASE 0 FREELISTS 1 FREELIST GROUPS 1 BUFFER_POOL DEFAULT FLASH_CACHE DEFAULT CELL_FLASH_CACHE DEFAULT)
  TABLESPACE "USERS" ;
REM INSERTING into EEE.ASG
SET DEFINE OFF;
Insert into EEE.ASG (ID,CODE,MARK,GRADE) values ('16171108025','EEE 211',55,2.75);
Insert into EEE.ASG (ID,CODE,MARK,GRADE) values ('16171108025','EEE 303',65,3.25);
Insert into EEE.ASG (ID,CODE,MARK,GRADE) values ('16171108025','EEE 304',80,4);
Insert into EEE.ASG (ID,CODE,MARK,GRADE) values ('15162108001','EEE 206',80,4);
Insert into EEE.ASG (ID,CODE,MARK,GRADE) values ('15162108001','EEE 309',50,2.75);
Insert into EEE.ASG (ID,CODE,MARK,GRADE) values ('15162108001','EEE 401',85,4);
Insert into EEE.ASG (ID,CODE,MARK,GRADE) values ('15162108001','EEE 402',65,3.25);
Insert into EEE.ASG (ID,CODE,MARK,GRADE) values ('15162108002','EEE 206',50,2.75);
Insert into EEE.ASG (ID,CODE,MARK,GRADE) values ('15162108002','EEE 309',70,3.5);
Insert into EEE.ASG (ID,CODE,MARK,GRADE) values ('15162108002','EEE 401',55,2.75);
Insert into EEE.ASG (ID,CODE,MARK,GRADE) values ('15162108002','EEE 402',82,4);
Insert into EEE.ASG (ID,CODE,MARK,GRADE) values ('18191108013','ENG 101',87,4);
Insert into EEE.ASG (ID,CODE,MARK,GRADE) values ('18191108013','HUM 101',70,3.5);
Insert into EEE.ASG (ID,CODE,MARK,GRADE) values ('18191108013','MAT 101',55,2.75);
Insert into EEE.ASG (ID,CODE,MARK,GRADE) values ('18191108013','PHY 101',60,3);
Insert into EEE.ASG (ID,CODE,MARK,GRADE) values ('18191108014','ENG 101',66,3.25);
Insert into EEE.ASG (ID,CODE,MARK,GRADE) values ('18191108014','HUM 101',70,3.5);
Insert into EEE.ASG (ID,CODE,MARK,GRADE) values ('18191108014','MAT 101',95,4);
Insert into EEE.ASG (ID,CODE,MARK,GRADE) values ('18191108014','PHY 101',88,4);
Insert into EEE.ASG (ID,CODE,MARK,GRADE) values ('16172108044','EEE 207',81,4);
Insert into EEE.ASG (ID,CODE,MARK,GRADE) values ('16172108044','EEE 208',70,3.5);
Insert into EEE.ASG (ID,CODE,MARK,GRADE) values ('16172108044','EEE 209',55,2.75);
Insert into EEE.ASG (ID,CODE,MARK,GRADE) values ('16172108044','EEE 301',66,3);
Insert into EEE.ASG (ID,CODE,MARK,GRADE) values ('16172108045','EEE 207',88,4);
Insert into EEE.ASG (ID,CODE,MARK,GRADE) values ('16172108045','EEE 208',55,2.75);
Insert into EEE.ASG (ID,CODE,MARK,GRADE) values ('16172108045','EEE 209',75,3.75);
Insert into EEE.ASG (ID,CODE,MARK,GRADE) values ('16172108045','EEE 301',77,3.75);
Insert into EEE.ASG (ID,CODE,MARK,GRADE) values ('11121108012','EEE 421',70,3.5);
Insert into EEE.ASG (ID,CODE,MARK,GRADE) values ('11121108012','EEE 461',66,3.25);
Insert into EEE.ASG (ID,CODE,MARK,GRADE) values ('11121108012','EEE 481',55,2.75);
Insert into EEE.ASG (ID,CODE,MARK,GRADE) values ('11121108012','EEE 482',58,2.75);
Insert into EEE.ASG (ID,CODE,MARK,GRADE) values ('11121108013','EEE 421',80,4);
Insert into EEE.ASG (ID,CODE,MARK,GRADE) values ('11121108013','EEE 461',90,4);
Insert into EEE.ASG (ID,CODE,MARK,GRADE) values ('11121108013','EEE 481',75,3.75);
Insert into EEE.ASG (ID,CODE,MARK,GRADE) values ('11121108013','EEE 482',65,3.25);
Insert into EEE.ASG (ID,CODE,MARK,GRADE) values ('15162108005','EEE 402',80,4);
Insert into EEE.ASG (ID,CODE,MARK,GRADE) values ('16171108003','EEE 211',65,4);
Insert into EEE.ASG (ID,CODE,MARK,GRADE) values ('16171108003','EEE 303',75,3.25);
Insert into EEE.ASG (ID,CODE,MARK,GRADE) values ('16171108003','EEE 304',55,2.75);
Insert into EEE.ASG (ID,CODE,MARK,GRADE) values ('16171108005','EEE 211',45,2.25);
Insert into EEE.ASG (ID,CODE,MARK,GRADE) values ('16171108005','EEE 303',70,3.5);
Insert into EEE.ASG (ID,CODE,MARK,GRADE) values ('16171108005','EEE 304',62,3.25);
REM INSERTING into EEE.COURSE
SET DEFINE OFF;
Insert into EEE.COURSE (CODE,TITLE,CREDIT) values ('EEE 206','Electronics Devices and Circuits I Laboratory',3);
Insert into EEE.COURSE (CODE,TITLE,CREDIT) values ('EEE 309','Electronic Properties OF Materials',3);
Insert into EEE.COURSE (CODE,TITLE,CREDIT) values ('EEE 401','Internship',1.5);
Insert into EEE.COURSE (CODE,TITLE,CREDIT) values ('EEE 402','Thesis/ Project',4.5);
Insert into EEE.COURSE (CODE,TITLE,CREDIT) values ('ENG 101','English Fundamentals ',3);
Insert into EEE.COURSE (CODE,TITLE,CREDIT) values ('HUM 101','Ethics and Culture',3);
Insert into EEE.COURSE (CODE,TITLE,CREDIT) values ('PHY 101',' Physics',3);
Insert into EEE.COURSE (CODE,TITLE,CREDIT) values ('MAT 101','Fundamentals of Mathematics',3);
Insert into EEE.COURSE (CODE,TITLE,CREDIT) values ('EEE 207','Electronic Devices and Circuits',3);
Insert into EEE.COURSE (CODE,TITLE,CREDIT) values ('EEE 208','Electrical Device II Laboratory',1.5);
Insert into EEE.COURSE (CODE,TITLE,CREDIT) values ('EEE 209','Semiconductor Devices and Materials',3);
Insert into EEE.COURSE (CODE,TITLE,CREDIT) values ('EEE 301','Digital Electronics',3);
Insert into EEE.COURSE (CODE,TITLE,CREDIT) values ('EEE 482','Power System Proctection Laborotory',3);
Insert into EEE.COURSE (CODE,TITLE,CREDIT) values ('EEE 481','Power System Protection',3);
Insert into EEE.COURSE (CODE,TITLE,CREDIT) values ('EEE 421','Power Electronics',3);
Insert into EEE.COURSE (CODE,TITLE,CREDIT) values ('EEE 461','Biomedical Instrumentation',3);
Insert into EEE.COURSE (CODE,TITLE,CREDIT) values ('EEE 211','Engineering Electronic',3);
Insert into EEE.COURSE (CODE,TITLE,CREDIT) values ('EEE 303','Digital Electronics',3);
Insert into EEE.COURSE (CODE,TITLE,CREDIT) values ('EEE 304','Digital Electronics Laboratory',3);
REM INSERTING into EEE.STUDENT
SET DEFINE OFF;
Insert into EEE.STUDENT (ID,NAME,INTAKE,SEC,DEPT) values ('15162108001','Md. Hosain Ali',17,1,'EEE');
Insert into EEE.STUDENT (ID,NAME,INTAKE,SEC,DEPT) values ('15162108002','Swapon',17,1,'EEE');
Insert into EEE.STUDENT (ID,NAME,INTAKE,SEC,DEPT) values ('18191108013','Abu Saleh',25,1,'EEE');
Insert into EEE.STUDENT (ID,NAME,INTAKE,SEC,DEPT) values ('18191108014','Anika Tabassum',25,1,'EEE');
Insert into EEE.STUDENT (ID,NAME,INTAKE,SEC,DEPT) values ('16172108044','Sabbir Hossain',20,2,'EEE');
Insert into EEE.STUDENT (ID,NAME,INTAKE,SEC,DEPT) values ('16172108045','Hasan Mohammad Khan',20,2,'EEE');
Insert into EEE.STUDENT (ID,NAME,INTAKE,SEC,DEPT) values ('11121108012','S. K. M. Tanvir Ahmed',4,3,'EEE');
Insert into EEE.STUDENT (ID,NAME,INTAKE,SEC,DEPT) values ('11121108013','AR Noyon',4,3,'EEE');
Insert into EEE.STUDENT (ID,NAME,INTAKE,SEC,DEPT) values ('15162108005','Md Parvej',17,1,'EEE');
Insert into EEE.STUDENT (ID,NAME,INTAKE,SEC,DEPT) values ('15162108006','Md Ashiqur Rahman',17,1,'EEE');
Insert into EEE.STUDENT (ID,NAME,INTAKE,SEC,DEPT) values ('16171108003','Md. Khaled Mahmud',19,1,'EEE');
Insert into EEE.STUDENT (ID,NAME,INTAKE,SEC,DEPT) values ('16171108005','Md. Nazmul Huda',19,1,'EEE');
Insert into EEE.STUDENT (ID,NAME,INTAKE,SEC,DEPT) values ('16171108025','S. M. Shariful Alam',19,1,'EEE');
REM INSERTING into EEE.TEACHER
SET DEFINE OFF;
Insert into EEE.TEACHER (UNAME,PASSWORD,DEPT) values ('roni','roni','EEE');
--------------------------------------------------------
--  DDL for Index COURSE_PK
--------------------------------------------------------

  CREATE UNIQUE INDEX "EEE"."COURSE_PK" ON "EEE"."COURSE" ("CODE") 
  PCTFREE 10 INITRANS 2 MAXTRANS 255 COMPUTE STATISTICS 
  STORAGE(INITIAL 65536 NEXT 1048576 MINEXTENTS 1 MAXEXTENTS 2147483645
  PCTINCREASE 0 FREELISTS 1 FREELIST GROUPS 1 BUFFER_POOL DEFAULT FLASH_CACHE DEFAULT CELL_FLASH_CACHE DEFAULT)
  TABLESPACE "USERS" ;
--------------------------------------------------------
--  DDL for Index STUDENT_PK
--------------------------------------------------------

  CREATE UNIQUE INDEX "EEE"."STUDENT_PK" ON "EEE"."STUDENT" ("ID") 
  PCTFREE 10 INITRANS 2 MAXTRANS 255 COMPUTE STATISTICS 
  STORAGE(INITIAL 65536 NEXT 1048576 MINEXTENTS 1 MAXEXTENTS 2147483645
  PCTINCREASE 0 FREELISTS 1 FREELIST GROUPS 1 BUFFER_POOL DEFAULT FLASH_CACHE DEFAULT CELL_FLASH_CACHE DEFAULT)
  TABLESPACE "USERS" ;
--------------------------------------------------------
--  DDL for Index ASG_PK
--------------------------------------------------------

  CREATE UNIQUE INDEX "EEE"."ASG_PK" ON "EEE"."ASG" ("ID", "CODE") 
  PCTFREE 10 INITRANS 2 MAXTRANS 255 COMPUTE STATISTICS 
  STORAGE(INITIAL 65536 NEXT 1048576 MINEXTENTS 1 MAXEXTENTS 2147483645
  PCTINCREASE 0 FREELISTS 1 FREELIST GROUPS 1 BUFFER_POOL DEFAULT FLASH_CACHE DEFAULT CELL_FLASH_CACHE DEFAULT)
  TABLESPACE "USERS" ;
--------------------------------------------------------
--  Constraints for Table STUDENT
--------------------------------------------------------

  ALTER TABLE "EEE"."STUDENT" MODIFY ("ID" NOT NULL ENABLE);
  ALTER TABLE "EEE"."STUDENT" ADD CONSTRAINT "STUDENT_PK" PRIMARY KEY ("ID")
  USING INDEX PCTFREE 10 INITRANS 2 MAXTRANS 255 COMPUTE STATISTICS 
  STORAGE(INITIAL 65536 NEXT 1048576 MINEXTENTS 1 MAXEXTENTS 2147483645
  PCTINCREASE 0 FREELISTS 1 FREELIST GROUPS 1 BUFFER_POOL DEFAULT FLASH_CACHE DEFAULT CELL_FLASH_CACHE DEFAULT)
  TABLESPACE "USERS"  ENABLE;
--------------------------------------------------------
--  Constraints for Table COURSE
--------------------------------------------------------

  ALTER TABLE "EEE"."COURSE" MODIFY ("CODE" NOT NULL ENABLE);
  ALTER TABLE "EEE"."COURSE" MODIFY ("TITLE" NOT NULL ENABLE);
  ALTER TABLE "EEE"."COURSE" MODIFY ("CREDIT" NOT NULL ENABLE);
  ALTER TABLE "EEE"."COURSE" ADD CONSTRAINT "COURSE_PK" PRIMARY KEY ("CODE")
  USING INDEX PCTFREE 10 INITRANS 2 MAXTRANS 255 COMPUTE STATISTICS 
  STORAGE(INITIAL 65536 NEXT 1048576 MINEXTENTS 1 MAXEXTENTS 2147483645
  PCTINCREASE 0 FREELISTS 1 FREELIST GROUPS 1 BUFFER_POOL DEFAULT FLASH_CACHE DEFAULT CELL_FLASH_CACHE DEFAULT)
  TABLESPACE "USERS"  ENABLE;
--------------------------------------------------------
--  Constraints for Table ASG
--------------------------------------------------------

  ALTER TABLE "EEE"."ASG" MODIFY ("ID" NOT NULL ENABLE);
  ALTER TABLE "EEE"."ASG" MODIFY ("CODE" NOT NULL ENABLE);
  ALTER TABLE "EEE"."ASG" ADD CONSTRAINT "ASG_PK" PRIMARY KEY ("ID", "CODE")
  USING INDEX PCTFREE 10 INITRANS 2 MAXTRANS 255 COMPUTE STATISTICS 
  STORAGE(INITIAL 65536 NEXT 1048576 MINEXTENTS 1 MAXEXTENTS 2147483645
  PCTINCREASE 0 FREELISTS 1 FREELIST GROUPS 1 BUFFER_POOL DEFAULT FLASH_CACHE DEFAULT CELL_FLASH_CACHE DEFAULT)
  TABLESPACE "USERS"  ENABLE;
--------------------------------------------------------
--  Ref Constraints for Table ASG
--------------------------------------------------------

  ALTER TABLE "EEE"."ASG" ADD CONSTRAINT "ASG_FK1" FOREIGN KEY ("CODE")
	  REFERENCES "EEE"."COURSE" ("CODE") ENABLE;
  ALTER TABLE "EEE"."ASG" ADD CONSTRAINT "ASG_FK2" FOREIGN KEY ("ID")
	  REFERENCES "EEE"."STUDENT" ("ID") ENABLE;
