--------------------------------------------------------
--  File created - Monday-April-29-2019   
--------------------------------------------------------
--------------------------------------------------------
--  DDL for DB Link BBALNK
--------------------------------------------------------

  CREATE DATABASE LINK "BBALNK"
   CONNECT TO "BBA" IDENTIFIED BY VALUES '0548876B18FAB09DF08CC6183D5B9F86FA'
   USING '192.168.43.49:1521/xe';
--------------------------------------------------------
--  DDL for DB Link CSELNK
--------------------------------------------------------

  CREATE DATABASE LINK "CSELNK"
   CONNECT TO "CSE" IDENTIFIED BY VALUES '05082AA783F713D86FB15167D059FF03ED'
   USING '192.168.43.56:1521/xe';
--------------------------------------------------------
--  DDL for DB Link EEELNK
--------------------------------------------------------

  CREATE DATABASE LINK "EEELNK"
   CONNECT TO "EEE" IDENTIFIED BY VALUES '058A82E7745A95661437F472DAEEB14CAF'
   USING '192.168.43.99:1521/xe';
--------------------------------------------------------
--  DDL for DB Link ENGLNK
--------------------------------------------------------

  CREATE DATABASE LINK "ENGLNK"
   CONNECT TO "ENG" IDENTIFIED BY VALUES '0574FE4C8295EE47A77A5F1933F1B82DF9'
   USING 'DESKTOP-NPFF4RK:1521/xe';
--------------------------------------------------------
--  DDL for Table ASG
--------------------------------------------------------

  CREATE TABLE "ENG"."ASG" 
   (	"ID" VARCHAR2(20 BYTE), 
	"CODE" VARCHAR2(20 BYTE), 
	"MARK" FLOAT(126), 
	"GRADE" FLOAT(126)
   ) SEGMENT CREATION IMMEDIATE 
  PCTFREE 10 PCTUSED 40 INITRANS 1 MAXTRANS 255 NOCOMPRESS LOGGING
  STORAGE(INITIAL 65536 NEXT 1048576 MINEXTENTS 1 MAXEXTENTS 2147483645
  PCTINCREASE 0 FREELISTS 1 FREELIST GROUPS 1 BUFFER_POOL DEFAULT FLASH_CACHE DEFAULT CELL_FLASH_CACHE DEFAULT)
  TABLESPACE "USERS" ;
--------------------------------------------------------
--  DDL for Table COURSE
--------------------------------------------------------

  CREATE TABLE "ENG"."COURSE" 
   (	"CODE" VARCHAR2(20 BYTE), 
	"TITLE" VARCHAR2(255 BYTE), 
	"CREDIT" FLOAT(126)
   ) SEGMENT CREATION IMMEDIATE 
  PCTFREE 10 PCTUSED 40 INITRANS 1 MAXTRANS 255 NOCOMPRESS LOGGING
  STORAGE(INITIAL 65536 NEXT 1048576 MINEXTENTS 1 MAXEXTENTS 2147483645
  PCTINCREASE 0 FREELISTS 1 FREELIST GROUPS 1 BUFFER_POOL DEFAULT FLASH_CACHE DEFAULT CELL_FLASH_CACHE DEFAULT)
  TABLESPACE "USERS" ;
--------------------------------------------------------
--  DDL for Table STUDENT
--------------------------------------------------------

  CREATE TABLE "ENG"."STUDENT" 
   (	"ID" VARCHAR2(20 BYTE), 
	"NAME" VARCHAR2(40 BYTE), 
	"INTAKE" NUMBER(*,0), 
	"SEC" NUMBER(*,0), 
	"DEPT" VARCHAR2(20 BYTE)
   ) SEGMENT CREATION IMMEDIATE 
  PCTFREE 10 PCTUSED 40 INITRANS 1 MAXTRANS 255 NOCOMPRESS LOGGING
  STORAGE(INITIAL 65536 NEXT 1048576 MINEXTENTS 1 MAXEXTENTS 2147483645
  PCTINCREASE 0 FREELISTS 1 FREELIST GROUPS 1 BUFFER_POOL DEFAULT FLASH_CACHE DEFAULT CELL_FLASH_CACHE DEFAULT)
  TABLESPACE "USERS" ;
--------------------------------------------------------
--  DDL for Table TEACHER
--------------------------------------------------------

  CREATE TABLE "ENG"."TEACHER" 
   (	"UNAME" VARCHAR2(20 BYTE), 
	"PASSWORD" VARCHAR2(20 BYTE), 
	"DEPT" VARCHAR2(20 BYTE)
   ) SEGMENT CREATION IMMEDIATE 
  PCTFREE 10 PCTUSED 40 INITRANS 1 MAXTRANS 255 NOCOMPRESS LOGGING
  STORAGE(INITIAL 65536 NEXT 1048576 MINEXTENTS 1 MAXEXTENTS 2147483645
  PCTINCREASE 0 FREELISTS 1 FREELIST GROUPS 1 BUFFER_POOL DEFAULT FLASH_CACHE DEFAULT CELL_FLASH_CACHE DEFAULT)
  TABLESPACE "USERS" ;
REM INSERTING into ENG.ASG
SET DEFINE OFF;
Insert into ENG.ASG (ID,CODE,MARK,GRADE) values ('18191102001','ENG 101',43,2);
Insert into ENG.ASG (ID,CODE,MARK,GRADE) values ('18191102001','ENG 103',33,0);
Insert into ENG.ASG (ID,CODE,MARK,GRADE) values ('18191102001','ENG 104',56,3);
Insert into ENG.ASG (ID,CODE,MARK,GRADE) values ('18191102004','CIS 101',88,4);
Insert into ENG.ASG (ID,CODE,MARK,GRADE) values ('18191102001','CIS 101',44,2);
Insert into ENG.ASG (ID,CODE,MARK,GRADE) values ('18191102004','ENG 101',63,3);
Insert into ENG.ASG (ID,CODE,MARK,GRADE) values ('18191102004','ENG 103',62,3);
Insert into ENG.ASG (ID,CODE,MARK,GRADE) values ('18191102004','ENG 104',56,3);
Insert into ENG.ASG (ID,CODE,MARK,GRADE) values ('17183102001','ENG 102',63,3);
Insert into ENG.ASG (ID,CODE,MARK,GRADE) values ('17183102001','ENG 201',64,3);
Insert into ENG.ASG (ID,CODE,MARK,GRADE) values ('17183102001','ENG 204',66,3.25);
Insert into ENG.ASG (ID,CODE,MARK,GRADE) values ('17183102001','SOC 101',76,3.75);
Insert into ENG.ASG (ID,CODE,MARK,GRADE) values ('18191102002','CIS 101',85,4);
Insert into ENG.ASG (ID,CODE,MARK,GRADE) values ('18191102002','ENG 101',82,4);
Insert into ENG.ASG (ID,CODE,MARK,GRADE) values ('18191102002','ENG 103',72,3.5);
Insert into ENG.ASG (ID,CODE,MARK,GRADE) values ('18191102002','ENG 104',68,3.25);
Insert into ENG.ASG (ID,CODE,MARK,GRADE) values ('18191102003','CIS 101',89,4);
Insert into ENG.ASG (ID,CODE,MARK,GRADE) values ('18191102003','ENG 101',62,3);
Insert into ENG.ASG (ID,CODE,MARK,GRADE) values ('18191102003','ENG 103',67,3.25);
Insert into ENG.ASG (ID,CODE,MARK,GRADE) values ('18191102003','ENG 104',58,2.75);
Insert into ENG.ASG (ID,CODE,MARK,GRADE) values ('17183102002','ENG 102',55,2.75);
Insert into ENG.ASG (ID,CODE,MARK,GRADE) values ('17183102002','ENG 201',60,3);
Insert into ENG.ASG (ID,CODE,MARK,GRADE) values ('17183102002','ENG 204',31,0);
Insert into ENG.ASG (ID,CODE,MARK,GRADE) values ('17183102002','SOC 101',50,2.5);
Insert into ENG.ASG (ID,CODE,MARK,GRADE) values ('17183102004','ENG 102',55,2.75);
Insert into ENG.ASG (ID,CODE,MARK,GRADE) values ('17183102004','ENG 201',61,3);
Insert into ENG.ASG (ID,CODE,MARK,GRADE) values ('17183102004','ENG 204',13,0);
Insert into ENG.ASG (ID,CODE,MARK,GRADE) values ('17183102004','SOC 101',44,2);
Insert into ENG.ASG (ID,CODE,MARK,GRADE) values ('17183102006','ENG 102',61,3);
Insert into ENG.ASG (ID,CODE,MARK,GRADE) values ('17183102006','ENG 201',56,2.75);
Insert into ENG.ASG (ID,CODE,MARK,GRADE) values ('17183102006','ENG 204',62,3);
Insert into ENG.ASG (ID,CODE,MARK,GRADE) values ('17183102006','SOC 101',68,3.25);
Insert into ENG.ASG (ID,CODE,MARK,GRADE) values ('17182102082','ENG 102',66,3.25);
Insert into ENG.ASG (ID,CODE,MARK,GRADE) values ('17182102082','ENG 201',56,2.75);
Insert into ENG.ASG (ID,CODE,MARK,GRADE) values ('17182102082','ENG 204',33,0);
Insert into ENG.ASG (ID,CODE,MARK,GRADE) values ('17182102082','SOC 101',35,0);
Insert into ENG.ASG (ID,CODE,MARK,GRADE) values ('17182102083','ENG 102',88,4);
Insert into ENG.ASG (ID,CODE,MARK,GRADE) values ('17182102083','ENG 201',72,3.5);
Insert into ENG.ASG (ID,CODE,MARK,GRADE) values ('17182102083','ENG 204',74,3.5);
Insert into ENG.ASG (ID,CODE,MARK,GRADE) values ('17182102083','SOC 101',89,4);
Insert into ENG.ASG (ID,CODE,MARK,GRADE) values ('17181102002','ENG 203',13,0);
Insert into ENG.ASG (ID,CODE,MARK,GRADE) values ('17181102002','ENG 207',11,0);
Insert into ENG.ASG (ID,CODE,MARK,GRADE) values ('17181102002','ENG 307',22,0);
Insert into ENG.ASG (ID,CODE,MARK,GRADE) values ('17181102004','ENG 104',65,3.25);
Insert into ENG.ASG (ID,CODE,MARK,GRADE) values ('17181102004','ENG 203',61,3);
Insert into ENG.ASG (ID,CODE,MARK,GRADE) values ('17181102004','ENG 207',61,3);
Insert into ENG.ASG (ID,CODE,MARK,GRADE) values ('17181102004','ENG 307',63,3);
Insert into ENG.ASG (ID,CODE,MARK,GRADE) values ('17181102005','ENG 104',51,2.5);
Insert into ENG.ASG (ID,CODE,MARK,GRADE) values ('17181102001','ENG 104',53,2.5);
Insert into ENG.ASG (ID,CODE,MARK,GRADE) values ('17181102001','ENG 203',63,3);
Insert into ENG.ASG (ID,CODE,MARK,GRADE) values ('17181102001','ENG 207',44,2);
Insert into ENG.ASG (ID,CODE,MARK,GRADE) values ('17181102001','ENG 307',53,2.5);
Insert into ENG.ASG (ID,CODE,MARK,GRADE) values ('17181102002','ENG 104',33,0);
Insert into ENG.ASG (ID,CODE,MARK,GRADE) values ('17181102005','ENG 203',0,0);
Insert into ENG.ASG (ID,CODE,MARK,GRADE) values ('17181102005','ENG 207',33,0);
Insert into ENG.ASG (ID,CODE,MARK,GRADE) values ('17181102005','ENG 307',0,0);
Insert into ENG.ASG (ID,CODE,MARK,GRADE) values ('16173102002','ENG 203',51,2.5);
Insert into ENG.ASG (ID,CODE,MARK,GRADE) values ('16173102002','ENG 207',32,0);
Insert into ENG.ASG (ID,CODE,MARK,GRADE) values ('16173102002','ENG 301',0,0);
Insert into ENG.ASG (ID,CODE,MARK,GRADE) values ('16173102002','ENG 307',52,2.5);
Insert into ENG.ASG (ID,CODE,MARK,GRADE) values ('16173102003','ENG 203',61,3);
Insert into ENG.ASG (ID,CODE,MARK,GRADE) values ('16173102003','ENG 207',52,2.5);
Insert into ENG.ASG (ID,CODE,MARK,GRADE) values ('16173102003','ENG 301',62,3);
Insert into ENG.ASG (ID,CODE,MARK,GRADE) values ('16173102003','ENG 307',51,2.5);
Insert into ENG.ASG (ID,CODE,MARK,GRADE) values ('16173102005','ENG 203',64,3);
Insert into ENG.ASG (ID,CODE,MARK,GRADE) values ('16173102005','ENG 207',58,2.75);
Insert into ENG.ASG (ID,CODE,MARK,GRADE) values ('16173102005','ENG 301',66,3.25);
Insert into ENG.ASG (ID,CODE,MARK,GRADE) values ('16173102005','ENG 307',46,2.25);
Insert into ENG.ASG (ID,CODE,MARK,GRADE) values ('16173102006','ENG 203',62,3);
Insert into ENG.ASG (ID,CODE,MARK,GRADE) values ('16173102006','ENG 207',46,2);
Insert into ENG.ASG (ID,CODE,MARK,GRADE) values ('16173102006','ENG 301',0,0);
Insert into ENG.ASG (ID,CODE,MARK,GRADE) values ('16173102006','ENG 307',0,0);
Insert into ENG.ASG (ID,CODE,MARK,GRADE) values ('17182102084','ENG 102',57,2.75);
Insert into ENG.ASG (ID,CODE,MARK,GRADE) values ('17182102084','ENG 201',58,2.75);
Insert into ENG.ASG (ID,CODE,MARK,GRADE) values ('17182102084','SOC 101',53,2.5);
Insert into ENG.ASG (ID,CODE,MARK,GRADE) values ('17182102084','ENG 204',59,2.75);
Insert into ENG.ASG (ID,CODE,MARK,GRADE) values ('17182102086','ENG 204',33,0);
Insert into ENG.ASG (ID,CODE,MARK,GRADE) values ('17182102086','SOC 101',0,0);
Insert into ENG.ASG (ID,CODE,MARK,GRADE) values ('17182102086','ENG 201',30,0);
Insert into ENG.ASG (ID,CODE,MARK,GRADE) values ('17182102086','ENG 102',58,2.75);
REM INSERTING into ENG.COURSE
SET DEFINE OFF;
Insert into ENG.COURSE (CODE,TITLE,CREDIT) values ('ENG 207','American Literature I',3);
Insert into ENG.COURSE (CODE,TITLE,CREDIT) values ('CIS 101','Introduction to Computer Science',3);
Insert into ENG.COURSE (CODE,TITLE,CREDIT) values ('ENG 101','English Language I',3);
Insert into ENG.COURSE (CODE,TITLE,CREDIT) values ('ENG 103','Introduction to Poetry',3);
Insert into ENG.COURSE (CODE,TITLE,CREDIT) values ('ENG 104','Introduction to Prose',3);
Insert into ENG.COURSE (CODE,TITLE,CREDIT) values ('ENG 201','Introduction to Drama',3);
Insert into ENG.COURSE (CODE,TITLE,CREDIT) values ('ENG 204','History of English Literature',3);
Insert into ENG.COURSE (CODE,TITLE,CREDIT) values ('SOC 101','Introduction to Social Sciences',3);
Insert into ENG.COURSE (CODE,TITLE,CREDIT) values ('ENG 102','English Language II',3);
Insert into ENG.COURSE (CODE,TITLE,CREDIT) values ('ENG 202','Basic English Grammar',3);
Insert into ENG.COURSE (CODE,TITLE,CREDIT) values ('ENG 203','The Romantic Poets',3);
Insert into ENG.COURSE (CODE,TITLE,CREDIT) values ('ENG 307','Literary Criticism (Ancient & Modern)',3);
Insert into ENG.COURSE (CODE,TITLE,CREDIT) values ('HUM 103','European History',3);
Insert into ENG.COURSE (CODE,TITLE,CREDIT) values ('ENG 301','English Non-fiction Prose',3);
REM INSERTING into ENG.STUDENT
SET DEFINE OFF;
Insert into ENG.STUDENT (ID,NAME,INTAKE,SEC,DEPT) values ('17181102001','Momotaj Moon',41,1,'ENG');
Insert into ENG.STUDENT (ID,NAME,INTAKE,SEC,DEPT) values ('17182102084','Sabnaz Akther',42,3,'ENG');
Insert into ENG.STUDENT (ID,NAME,INTAKE,SEC,DEPT) values ('17182102086','Radoan Ahmed Khan',42,3,'ENG');
Insert into ENG.STUDENT (ID,NAME,INTAKE,SEC,DEPT) values ('18191102001','Israt Jahan preeti',44,1,'ENG');
Insert into ENG.STUDENT (ID,NAME,INTAKE,SEC,DEPT) values ('18191102004','Esrat Jahan Tonika',44,1,'ENG');
Insert into ENG.STUDENT (ID,NAME,INTAKE,SEC,DEPT) values ('18191102002','Kaniz Fatema Lamia',44,1,'ENG');
Insert into ENG.STUDENT (ID,NAME,INTAKE,SEC,DEPT) values ('18191102003','Sumaya Akter Sweety',44,1,'ENG');
Insert into ENG.STUDENT (ID,NAME,INTAKE,SEC,DEPT) values ('17183102001','Ommay Rokeya',43,1,'ENG');
Insert into ENG.STUDENT (ID,NAME,INTAKE,SEC,DEPT) values ('17183102002','Sraboni das',43,1,'ENG');
Insert into ENG.STUDENT (ID,NAME,INTAKE,SEC,DEPT) values ('17183102004','Afnan Mostakin Sakin',43,1,'ENG');
Insert into ENG.STUDENT (ID,NAME,INTAKE,SEC,DEPT) values ('17183102006','Mohammad Rakibul Hasan',43,1,'ENG');
Insert into ENG.STUDENT (ID,NAME,INTAKE,SEC,DEPT) values ('17182102082','Sumana Ali',42,3,'ENG');
Insert into ENG.STUDENT (ID,NAME,INTAKE,SEC,DEPT) values ('17182102083','Fatema Islam',42,3,'ENG');
Insert into ENG.STUDENT (ID,NAME,INTAKE,SEC,DEPT) values ('17182102041','Shadia Islam Mow',42,2,'ENG');
Insert into ENG.STUDENT (ID,NAME,INTAKE,SEC,DEPT) values ('17182102042','Sadia Hafsa',42,2,'ENG');
Insert into ENG.STUDENT (ID,NAME,INTAKE,SEC,DEPT) values ('16173102003','Farzana Ahmed',40,1,'ENG');
Insert into ENG.STUDENT (ID,NAME,INTAKE,SEC,DEPT) values ('16173102005','Khondokar Golam Saroar',40,1,'ENG');
Insert into ENG.STUDENT (ID,NAME,INTAKE,SEC,DEPT) values ('16173102006','Umme Hany Megha',40,1,'ENG');
Insert into ENG.STUDENT (ID,NAME,INTAKE,SEC,DEPT) values ('16173102012','Nwsiba Priethy',40,1,'ENG');
Insert into ENG.STUDENT (ID,NAME,INTAKE,SEC,DEPT) values ('17181102002','Md. Minhazul Abedin',41,1,'ENG');
Insert into ENG.STUDENT (ID,NAME,INTAKE,SEC,DEPT) values ('17181102004','Umme Honey Sneho',41,1,'ENG');
Insert into ENG.STUDENT (ID,NAME,INTAKE,SEC,DEPT) values ('17181102005','Niger Sultana',41,1,'ENG');
Insert into ENG.STUDENT (ID,NAME,INTAKE,SEC,DEPT) values ('16173102002','Md. Shadman Sakib',40,1,'ENG');
Insert into ENG.STUDENT (ID,NAME,INTAKE,SEC,DEPT) values ('16173102013','Sharmin Mahjabin Rimi',40,1,'ENG');
REM INSERTING into ENG.TEACHER
SET DEFINE OFF;
Insert into ENG.TEACHER (UNAME,PASSWORD,DEPT) values ('sajib','sajib','ENG');
--------------------------------------------------------
--  DDL for Index ASG_PK
--------------------------------------------------------

  CREATE UNIQUE INDEX "ENG"."ASG_PK" ON "ENG"."ASG" ("ID", "CODE") 
  PCTFREE 10 INITRANS 2 MAXTRANS 255 COMPUTE STATISTICS 
  STORAGE(INITIAL 65536 NEXT 1048576 MINEXTENTS 1 MAXEXTENTS 2147483645
  PCTINCREASE 0 FREELISTS 1 FREELIST GROUPS 1 BUFFER_POOL DEFAULT FLASH_CACHE DEFAULT CELL_FLASH_CACHE DEFAULT)
  TABLESPACE "USERS" ;
--------------------------------------------------------
--  DDL for Index STUDENT_PK
--------------------------------------------------------

  CREATE UNIQUE INDEX "ENG"."STUDENT_PK" ON "ENG"."STUDENT" ("ID") 
  PCTFREE 10 INITRANS 2 MAXTRANS 255 COMPUTE STATISTICS 
  STORAGE(INITIAL 65536 NEXT 1048576 MINEXTENTS 1 MAXEXTENTS 2147483645
  PCTINCREASE 0 FREELISTS 1 FREELIST GROUPS 1 BUFFER_POOL DEFAULT FLASH_CACHE DEFAULT CELL_FLASH_CACHE DEFAULT)
  TABLESPACE "USERS" ;
--------------------------------------------------------
--  DDL for Index COURSE_PK
--------------------------------------------------------

  CREATE UNIQUE INDEX "ENG"."COURSE_PK" ON "ENG"."COURSE" ("CODE") 
  PCTFREE 10 INITRANS 2 MAXTRANS 255 COMPUTE STATISTICS 
  STORAGE(INITIAL 65536 NEXT 1048576 MINEXTENTS 1 MAXEXTENTS 2147483645
  PCTINCREASE 0 FREELISTS 1 FREELIST GROUPS 1 BUFFER_POOL DEFAULT FLASH_CACHE DEFAULT CELL_FLASH_CACHE DEFAULT)
  TABLESPACE "USERS" ;
--------------------------------------------------------
--  Constraints for Table ASG
--------------------------------------------------------

  ALTER TABLE "ENG"."ASG" MODIFY ("ID" NOT NULL ENABLE);
  ALTER TABLE "ENG"."ASG" MODIFY ("CODE" NOT NULL ENABLE);
--------------------------------------------------------
--  Constraints for Table COURSE
--------------------------------------------------------

  ALTER TABLE "ENG"."COURSE" MODIFY ("CODE" NOT NULL ENABLE);
  ALTER TABLE "ENG"."COURSE" MODIFY ("TITLE" NOT NULL ENABLE);
  ALTER TABLE "ENG"."COURSE" MODIFY ("CREDIT" NOT NULL ENABLE);
  ALTER TABLE "ENG"."COURSE" ADD CONSTRAINT "COURSE_PK" PRIMARY KEY ("CODE")
  USING INDEX PCTFREE 10 INITRANS 2 MAXTRANS 255 COMPUTE STATISTICS 
  STORAGE(INITIAL 65536 NEXT 1048576 MINEXTENTS 1 MAXEXTENTS 2147483645
  PCTINCREASE 0 FREELISTS 1 FREELIST GROUPS 1 BUFFER_POOL DEFAULT FLASH_CACHE DEFAULT CELL_FLASH_CACHE DEFAULT)
  TABLESPACE "USERS"  ENABLE;
--------------------------------------------------------
--  Constraints for Table STUDENT
--------------------------------------------------------

  ALTER TABLE "ENG"."STUDENT" MODIFY ("ID" NOT NULL ENABLE);
  ALTER TABLE "ENG"."STUDENT" ADD CONSTRAINT "STUDENT_PK" PRIMARY KEY ("ID")
  USING INDEX PCTFREE 10 INITRANS 2 MAXTRANS 255 COMPUTE STATISTICS 
  STORAGE(INITIAL 65536 NEXT 1048576 MINEXTENTS 1 MAXEXTENTS 2147483645
  PCTINCREASE 0 FREELISTS 1 FREELIST GROUPS 1 BUFFER_POOL DEFAULT FLASH_CACHE DEFAULT CELL_FLASH_CACHE DEFAULT)
  TABLESPACE "USERS"  ENABLE;
--------------------------------------------------------
--  Ref Constraints for Table ASG
--------------------------------------------------------

  ALTER TABLE "ENG"."ASG" ADD CONSTRAINT "ASG_FK1" FOREIGN KEY ("CODE")
	  REFERENCES "ENG"."COURSE" ("CODE") ENABLE;
  ALTER TABLE "ENG"."ASG" ADD CONSTRAINT "ASG_FK2" FOREIGN KEY ("ID")
	  REFERENCES "ENG"."STUDENT" ("ID") ENABLE;
